,weekday,hour,region,count,total_amount_sum,duration_min,duration_sum,duration_max
0,0,0,1,244,5416.4,1,135440,86282
1,0,0,2,1274,15419.699999999997,1,620858,85963
2,0,0,3,2861,31611.129999999997,1,1170030,86154
3,0,0,4,640,7056.7300000000005,1,124788,2789
4,0,0,5,1008,9335.34,0,225276,3512
5,0,0,6,494,4548.070000000001,0,182611,86122
6,0,0,7,107,1580.5499999999997,3,20654,2291
7,0,1,1,157,3100.9100000000003,2,117880,86241
8,0,1,2,952,9695.440000000002,2,731797,86073
9,0,1,3,2186,26205.610000000008,1,810073,86200
10,0,1,4,397,4712.81,1,169137,84848
11,0,1,5,639,7221.749999999997,0,136536,5148
12,0,1,6,398,3781.730000000001,3,252351,86239
13,0,1,7,63,913.1099999999999,5,16788,1665
14,0,2,1,93,1559.5800000000002,2,104409,85582
15,0,2,2,749,7768.179999999997,0,254074,86148
16,0,2,3,1712,17772.36000000002,2,815013,84688
17,0,2,4,195,1818.3,8,40111,2575
18,0,2,5,406,3534.1099999999983,3,80287,2765
19,0,2,6,280,2701.899999999999,2,145649,76746
20,0,2,7,63,617.74,1,13582,1256
21,0,3,1,63,1264.1099999999997,2,104113,86244
22,0,3,2,638,5437.289999999996,1,145204,3127
23,0,3,3,1346,12172.960000000006,1,643581,86348
24,0,3,4,133,1296.8500000000001,3,27445,2863
25,0,3,5,330,2653.89,5,230570,82951
26,0,3,6,201,1720.9900000000005,2,46437,1796
27,0,3,7,42,466.03000000000003,2,8528,661
28,0,4,1,55,579.33,3,18815,2964
29,0,4,2,485,4036.3199999999983,2,362118,85749
30,0,4,3,1133,10911.12,1,331068,85457
31,0,4,4,120,1033.5400000000002,3,27338,2103
32,0,4,5,397,3547.0400000000013,3,74035,3800
33,0,4,6,201,1534.8,1,40928,2502
34,0,4,7,44,384.1,3,7634,494
35,0,5,1,129,1369.6899999999994,0,23253,1807
36,0,5,2,331,3749.2800000000007,0,246522,86226
37,0,5,3,1510,14742.130000000001,0,611065,85662
38,0,5,4,293,2257.5099999999998,2,53092,3309
39,0,5,5,863,5640.400000000001,1,230894,86277
40,0,5,6,221,1746.530000000001,3,46466,3817
41,0,5,7,43,520.1899999999999,4,9937,1376
42,0,6,1,405,3828.21,2,83941,1599
43,0,6,2,449,4975.750000000001,0,141058,62021
44,0,6,3,3534,28345.90999999997,1,762026,83278
45,0,6,4,700,6123.120000000002,2,311607,83216
46,0,6,5,2252,15894.169999999998,1,598981,84997
47,0,6,6,435,3923.89,2,147238,64664
48,0,6,7,71,784.9699999999999,2,13229,942
49,0,7,1,863,9429.230000000001,2,311795,3793
50,0,7,2,854,7191.2400000000025,2,210342,3985
51,0,7,3,6388,51456.90999999993,0,2504751,86380
52,0,7,4,1420,13005.910000000005,2,562601,86191
53,0,7,5,5691,42574.35999999993,1,2783795,86267
54,0,7,6,1305,9997.270000000002,2,769825,86097
55,0,7,7,96,1191.45,5,27711,1647
56,0,8,1,1382,11800.52,2,741462,86315
57,0,8,2,1312,11359.430000000002,1,475813,56875
58,0,8,3,8631,72091.63,1,3493011,86301
59,0,8,4,2671,20419.94999999999,2,998219,85999
60,0,8,5,8305,58232.61999999996,0,3382891,86308
61,0,8,6,1288,8913.060000000003,3,433146,85964
62,0,8,7,143,1217.3799999999999,6,45567,1364
63,0,9,1,1472,12686.960000000003,1,666634,86281
64,0,9,2,1446,11141.480000000005,2,441095,85346
65,0,9,3,8990,75941.01000000008,0,3977669,86331
66,0,9,4,2477,17571.370000000006,2,809685,86283
67,0,9,5,7276,49232.269999999895,2,2618050,86391
68,0,9,6,770,6656.130000000003,2,300514,86235
69,0,9,7,105,798.26,14,28574,1420
70,0,10,1,1055,9652.76,0,389082,5947
71,0,10,2,1372,11541.930000000004,1,662301,85706
72,0,10,3,7572,66679.25999999995,0,3349933,86061
73,0,10,4,3082,20803.979999999985,2,780598,3668
74,0,10,5,7206,48985.309999999896,0,2240803,86308
75,0,10,6,573,3983.8700000000013,4,380065,86166
76,0,10,7,43,266.37,35,11793,665
77,0,11,1,958,8260.750000000002,2,646398,86280
78,0,11,2,1383,10912.730000000005,1,487783,84857
79,0,11,3,7460,67907.23999999998,2,3241045,86159
80,0,11,4,3078,21224.82,2,903034,85390
81,0,11,5,7929,54002.87999999992,1,3165494,86170
82,0,11,6,587,3881.7900000000004,3,137405,1752
83,0,11,7,44,357.6300000000001,18,14715,1107
84,0,12,1,980,9511.010000000004,2,480329,83318
85,0,12,2,1536,12322.280000000004,1,852438,86322
86,0,12,3,7945,70397.37999999999,0,3056909,86119
87,0,12,4,3479,23648.259999999977,1,1316159,86342
88,0,12,5,8769,59331.96999999991,2,3154427,86290
89,0,12,6,626,4404.629999999999,2,229394,86083
90,0,12,7,74,682.5500000000002,2,19808,1408
91,0,13,1,941,10588.340000000002,1,297228,4587
92,0,13,2,1507,13685.15,1,407363,3644
93,0,13,3,7871,73283.23999999998,1,3615743,86152
94,0,13,4,3453,23324.969999999987,1,1059346,85475
95,0,13,5,8262,56378.289999999855,1,2700362,85812
96,0,13,6,705,5103.110000000002,0,163992,2132
97,0,13,7,73,623.1099999999999,3,19215,888
98,0,14,1,963,10011.660000000003,1,294274,3796
99,0,14,2,1516,13320.310000000003,2,458398,86014
100,0,14,3,8141,74637.78000000001,0,3622197,86316
101,0,14,4,4174,28501.479999999974,1,1245094,86203
102,0,14,5,9318,64521.83999999994,1,3276684,86199
103,0,14,6,758,5347.8600000000015,4,363320,86217
104,0,14,7,70,660.6899999999997,2,111819,85797
105,0,15,1,875,8291.25,1,506430,86098
106,0,15,2,1592,14990.890000000005,1,578109,86200
107,0,15,3,8067,78017.45000000007,0,3281507,86304
108,0,15,4,4252,30642.74999999996,1,1319012,86264
109,0,15,5,10078,70518.14000000001,1,3424748,86351
110,0,15,6,829,6057.080000000001,3,341359,86080
111,0,15,7,60,1067.1599999999999,2,14436,636
112,0,16,1,857,11550.430000000004,2,551283,86164
113,0,16,2,1476,17951.190000000002,2,445943,86184
114,0,16,3,8160,93685.43000000015,1,3739015,86314
115,0,16,4,3998,33538.44999999995,2,1837269,86304
116,0,16,5,8894,71706.51000000004,1,2915481,86192
117,0,16,6,834,7083.730000000002,1,373871,85732
118,0,16,7,52,1077.2399999999998,3,22173,4206
119,0,17,1,1088,12405.920000000002,2,521582,86335
120,0,17,2,1876,17980.339999999993,1,823477,86322
121,0,17,3,9073,87550.23000000013,1,3567432,86352
122,0,17,4,4462,35136.70999999995,2,1577261,86242
123,0,17,5,9080,69698.44000000002,2,2981269,86271
124,0,17,6,1026,8824.410000000003,2,530698,86203
125,0,17,7,85,977.8699999999999,3,26105,1409
126,0,18,1,1088,11311.140000000005,2,288950,3779
127,0,18,2,2282,21152.069999999992,2,991136,86301
128,0,18,3,9903,93281.44000000016,1,3684778,86372
129,0,18,4,4560,35173.96999999996,1,1644332,86306
130,0,18,5,9398,71942.30000000002,1,3158566,86348
131,0,18,6,938,7267.290000000003,1,727021,86222
132,0,18,7,74,709.94,2,108972,86137
133,0,19,1,988,9352.03,1,311834,20475
134,0,19,2,2318,21006.849999999995,0,827400,86293
135,0,19,3,8524,75832.48000000001,1,3231950,86160
136,0,19,4,3862,29773.899999999965,2,1701693,86361
137,0,19,5,7606,57612.8599999999,1,2166967,86314
138,0,19,6,785,6298.310000000002,3,177765,2145
139,0,19,7,74,890.12,2,18298,784
140,0,20,1,702,6944.120000000001,3,274507,85175
141,0,20,2,1982,17643.379999999997,0,568421,86149
142,0,20,3,7040,62210.10999999993,1,2585816,86356
143,0,20,4,2834,20997.939999999988,2,725919,86346
144,0,20,5,5464,38947.039999999935,1,1926960,86351
145,0,20,6,706,5554.540000000002,3,163145,1629
146,0,20,7,69,646.2800000000002,3,21714,1859
147,0,21,1,686,8837.050000000001,2,174231,4870
148,0,21,2,1775,17549.880000000005,0,516513,86168
149,0,21,3,6601,74431.52000000003,1,2542549,86355
150,0,21,4,2244,19386.949999999997,2,779682,86257
151,0,21,5,4221,32165.089999999956,2,1196574,85741
152,0,21,6,624,5226.2300000000005,3,223363,85405
153,0,21,7,85,1147.9299999999996,3,20293,2070
154,0,22,1,543,6808.0,2,142390,5761
155,0,22,2,1689,17729.389999999996,0,515731,85578
156,0,22,3,5690,60736.76999999996,1,1877526,86329
157,0,22,4,1569,13520.050000000003,2,530694,86278
158,0,22,5,2683,22876.279999999988,1,759567,86287
159,0,22,6,633,5646.970000000001,2,309281,85734
160,0,22,7,124,1465.5799999999997,3,29848,1717
161,0,23,1,418,6934.509999999999,2,418272,85016
162,0,23,2,1323,16323.340000000002,1,647871,86237
163,0,23,3,4134,44270.31999999994,1,1385100,86129
164,0,23,4,945,9786.190000000002,2,286255,86154
165,0,23,5,1518,15552.630000000003,0,486772,85414
166,0,23,6,584,4946.400000000002,2,121823,2252
167,0,23,7,81,899.18,3,20073,1866
168,1,0,1,237,5860.749999999999,2,225106,86277
169,1,0,2,942,10514.0,0,383735,85973
170,1,0,3,2776,31918.149999999983,0,878326,86376
171,1,0,4,545,6687.540000000002,2,373673,85925
172,1,0,5,801,8613.58,1,251818,85787
173,1,0,6,459,3762.179999999999,0,177686,85831
174,1,0,7,66,1354.7599999999995,3,12201,1349
175,1,1,1,144,2746.95,0,32570,2749
176,1,1,2,753,8034.330000000002,1,167054,3870
177,1,1,3,1679,19008.199999999997,1,816843,86347
178,1,1,4,208,2510.21,2,54449,2694
179,1,1,5,443,4560.5599999999995,2,81043,1520
180,1,1,6,355,3386.1399999999994,2,78282,2780
181,1,1,7,48,944.54,3,9780,1192
182,1,2,1,52,798.3799999999999,5,13744,3052
183,1,2,2,524,5424.610000000002,2,265834,77988
184,1,2,3,1230,11550.25,2,428183,86252
185,1,2,4,156,1711.2899999999997,1,30921,2308
186,1,2,5,278,3166.9599999999996,2,52598,2285
187,1,2,6,210,1819.0600000000002,3,40912,1394
188,1,2,7,37,561.96,3,8376,710
189,1,3,1,51,604.46,2,10322,1034
190,1,3,2,353,2371.3799999999997,2,139868,72744
191,1,3,3,941,8851.570000000002,1,396419,86121
192,1,3,4,122,1135.57,3,29234,2542
193,1,3,5,243,1852.3099999999997,3,49039,1691
194,1,3,6,127,1247.0000000000002,3,25052,1525
195,1,3,7,16,194.48000000000002,1,3033,940
196,1,4,1,74,672.19,2,12115,1465
197,1,4,2,274,2405.4699999999993,2,129787,69760
198,1,4,3,851,6752.6,2,278779,83351
199,1,4,4,98,570.2800000000001,5,103948,85584
200,1,4,5,262,1848.5399999999997,1,58947,7983
201,1,4,6,156,1119.7100000000003,4,30775,1663
202,1,4,7,20,135.54999999999998,4,2813,483
203,1,5,1,169,1414.7499999999998,2,29243,1183
204,1,5,2,230,1787.07,3,120184,85159
205,1,5,3,1408,12114.590000000002,2,407028,65431
206,1,5,4,326,2541.6399999999994,2,140374,83189
207,1,5,5,895,6192.760000000002,2,478634,83194
208,1,5,6,169,1282.8700000000001,3,29281,1029
209,1,5,7,29,283.8500000000001,11,266616,65744
210,1,6,1,448,4450.510000000001,2,273946,86230
211,1,6,2,419,4741.680000000001,3,70598,2391
212,1,6,3,4108,31988.489999999958,0,1335918,85385
213,1,6,4,786,6318.450000000002,2,250226,83134
214,1,6,5,2524,16427.329999999998,2,732208,86239
215,1,6,6,422,2907.49,3,183822,86357
216,1,6,7,53,519.6,5,13375,1413
217,1,7,1,998,9456.120000000003,4,371484,3941
218,1,7,2,976,8624.230000000003,2,325690,83251
219,1,7,3,7697,59485.569999999934,1,3399933,86247
220,1,7,4,1885,15223.37,1,1128528,86259
221,1,7,5,6929,51069.11999999993,0,3111638,86311
222,1,7,6,1421,10822.900000000005,0,686543,86337
223,1,7,7,131,1015.6600000000001,4,43356,3186
224,1,8,1,1640,13492.020000000002,1,907486,86041
225,1,8,2,1552,12939.960000000001,1,715252,86348
226,1,8,3,10115,83306.67000000006,0,4192573,86252
227,1,8,4,3066,22444.379999999986,1,1556430,86107
228,1,8,5,9905,69784.75999999997,2,4192375,86212
229,1,8,6,1558,11549.030000000008,2,685792,86332
230,1,8,7,152,1234.8699999999997,3,46545,1798
231,1,9,1,1587,13422.320000000005,1,746980,83768
232,1,9,2,1737,14128.120000000012,2,751139,86252
233,1,9,3,10745,89908.09000000014,0,4860993,86184
234,1,9,4,2748,19321.519999999993,1,975345,86327
235,1,9,5,8580,57875.969999999885,2,2795858,86195
236,1,9,6,896,6573.920000000001,3,286776,53571
237,1,9,7,96,744.88,5,35075,3214
238,1,10,1,1240,11262.720000000005,2,578700,86203
239,1,10,2,1548,12547.430000000002,1,723772,85157
240,1,10,3,8999,78993.55000000005,0,4107331,86194
241,1,10,4,3143,21337.009999999995,1,840322,9000
242,1,10,5,8249,56287.85999999989,1,3052507,86341
243,1,10,6,640,4391.32,3,249970,86067
244,1,10,7,66,721.8199999999999,3,18422,1536
245,1,11,1,1060,9831.110000000004,1,665387,84713
246,1,11,2,1574,12631.240000000009,1,727090,86289
247,1,11,3,8969,80227.99000000005,0,4806350,86358
248,1,11,4,3248,22574.39999999999,1,1087928,84516
249,1,11,5,9382,65911.12999999992,1,4214011,86318
250,1,11,6,697,4863.080000000001,1,177621,2585
251,1,11,7,96,1420.9599999999998,3,37304,2460
252,1,12,1,1106,9686.340000000002,2,656034,85790
253,1,12,2,1699,15327.750000000004,1,578130,84378
254,1,12,3,10184,91465.73000000017,1,5475171,86336
255,1,12,4,3994,27180.98999999997,1,1585999,86329
256,1,12,5,10174,70997.81999999999,0,3808780,86371
257,1,12,6,796,5353.150000000001,2,205655,2960
258,1,12,7,78,793.5,6,36855,2666
259,1,13,1,1042,10437.12,0,526740,85469
260,1,13,2,1571,13300.590000000004,2,443014,4808
261,1,13,3,9462,85360.21000000012,0,4549659,86318
262,1,13,4,3823,26168.979999999974,2,1638262,86311
263,1,13,5,9575,66406.15999999992,1,3406372,86086
264,1,13,6,799,5737.910000000003,3,246652,37647
265,1,13,7,76,717.35,3,22676,2099
266,1,14,1,1100,10215.670000000004,1,627768,86211
267,1,14,2,1670,14308.050000000005,1,559580,34741
268,1,14,3,9964,88626.82000000012,1,4698728,86369
269,1,14,4,4238,29005.779999999966,1,1474654,84967
270,1,14,5,10898,78226.00000000004,2,4551205,86193
271,1,14,6,802,5792.340000000002,2,215323,2614
272,1,14,7,79,775.69,26,37882,3771
273,1,15,1,1020,10391.78,1,635904,86209
274,1,15,2,1817,15873.250000000002,1,727056,86192
275,1,15,3,9223,86252.76000000015,1,4697560,86317
276,1,15,4,4607,31965.549999999952,1,1692958,86084
277,1,15,5,11405,80853.11000000009,1,4473224,86312
278,1,15,6,914,6557.990000000002,2,496893,85250
279,1,15,7,93,876.4499999999999,1,29298,2500
280,1,16,1,918,11116.600000000002,1,398102,86326
281,1,16,2,1670,17242.18,1,460038,6015
282,1,16,3,8851,96887.97000000016,1,3553490,86333
283,1,16,4,4272,35829.68999999994,1,1414814,86293
284,1,16,5,9755,80539.95000000011,2,3723274,86317
285,1,16,6,827,7228.570000000003,1,209059,2260
286,1,16,7,60,663.9200000000001,2,22595,3426
287,1,17,1,1084,10543.960000000003,2,463851,83033
288,1,17,2,2052,18901.679999999997,1,1011205,86335
289,1,17,3,9865,96273.05000000024,0,4766122,86379
290,1,17,4,4739,37713.69999999994,1,1704886,85933
291,1,17,5,10135,80183.83000000007,1,3941207,86254
292,1,17,6,1196,10150.149999999998,2,445355,85501
293,1,17,7,80,828.37,1,30681,2667
294,1,18,1,1206,12413.21,1,792937,86337
295,1,18,2,2667,24200.669999999987,1,1052428,86333
296,1,18,3,11199,107841.87000000027,0,5390408,86323
297,1,18,4,4986,39809.41999999993,1,1573071,86374
298,1,18,5,10372,81439.43000000007,0,3788562,86337
299,1,18,6,1187,9455.130000000001,0,385555,81357
300,1,18,7,111,1414.1499999999996,2,116736,85999
301,1,19,1,1135,10525.380000000003,2,320473,3492
302,1,19,2,2651,22251.289999999994,0,1210561,86271
303,1,19,3,9644,84940.38000000012,0,3625673,86311
304,1,19,4,4191,32183.829999999965,2,1742348,86078
305,1,19,5,8472,65154.86999999996,1,2719426,86141
306,1,19,6,836,6557.240000000002,3,199508,3000
307,1,19,7,72,763.8,3,25898,2786
308,1,20,1,910,7469.580000000002,1,398720,84752
309,1,20,2,2332,19450.629999999997,2,1049437,86274
310,1,20,3,7948,67011.26999999996,0,3082425,86311
311,1,20,4,3018,24301.369999999995,2,898253,86084
312,1,20,5,5858,42913.80999999995,1,1844918,86159
313,1,20,6,706,5516.410000000002,2,154781,2221
314,1,20,7,76,701.1199999999999,4,23626,2502
315,1,21,1,787,8176.4,0,203119,2648
316,1,21,2,2157,20417.09,1,921360,86221
317,1,21,3,7536,72951.67,0,2852350,86274
318,1,21,4,2428,19540.999999999996,1,851021,86233
319,1,21,5,4924,37756.81999999995,1,1298537,86325
320,1,21,6,707,6009.930000000001,3,258029,86170
321,1,21,7,101,1203.69,3,24502,1493
322,1,22,1,661,7049.18,2,169187,2059
323,1,22,2,2079,19116.329999999994,0,603032,80725
324,1,22,3,6727,63593.219999999936,0,2652984,86176
325,1,22,4,1894,15792.010000000002,2,818339,86371
326,1,22,5,3661,29107.589999999975,1,1094053,86340
327,1,22,6,679,5569.730000000003,3,332377,86311
328,1,22,7,141,1401.9199999999996,3,109519,75051
329,1,23,1,551,7558.41,0,130912,3136
330,1,23,2,1860,17267.050000000003,1,524337,85968
331,1,23,3,4876,48641.96999999994,1,1824065,86340
332,1,23,4,1011,10081.650000000001,2,496290,85659
333,1,23,5,1977,17103.160000000003,0,429176,6697
334,1,23,6,597,4750.78,1,129401,4090
335,1,23,7,118,1312.9400000000003,3,116220,86035
336,2,0,1,325,4230.88,2,249610,83781
337,2,0,2,1437,14567.310000000003,1,516243,86266
338,2,0,3,3362,35087.84999999996,0,987930,85987
339,2,0,4,552,6787.91,3,198020,83074
340,2,0,5,1011,9295.660000000005,1,289144,86152
341,2,0,6,520,4346.58,3,222554,86052
342,2,0,7,85,1168.86,3,105922,85130
343,2,1,1,202,2689.0900000000006,2,57866,2119
344,2,1,2,1034,10558.750000000002,2,749770,86318
345,2,1,3,2145,24688.619999999988,1,680836,85543
346,2,1,4,286,3384.7,2,56804,2395
347,2,1,5,610,5723.929999999999,1,123836,6054
348,2,1,6,380,3728.5999999999995,3,324876,85958
349,2,1,7,47,968.7799999999999,3,11084,1501
350,2,2,1,121,1360.82,4,40141,3641
351,2,2,2,808,6534.220000000002,0,519470,83927
352,2,2,3,1490,15854.230000000001,2,819902,86248
353,2,2,4,144,1246.54,2,29908,2069
354,2,2,5,334,2336.7399999999993,2,61732,3834
355,2,2,6,246,2187.77,2,50857,1972
356,2,2,7,29,403.52000000000004,3,91200,85986
357,2,3,1,90,1135.89,1,18501,1548
358,2,3,2,514,4372.87,3,378760,85329
359,2,3,3,1203,11727.629999999997,1,496283,84681
360,2,3,4,135,1274.45,1,30893,1673
361,2,3,5,277,2206.0299999999997,1,51483,1860
362,2,3,6,160,1383.7800000000002,1,35305,1988
363,2,3,7,18,300.71000000000004,10,2702,541
364,2,4,1,78,778.5999999999998,2,14671,1435
365,2,4,2,385,2923.3199999999997,2,248316,85708
366,2,4,3,996,9260.810000000001,2,194172,3897
367,2,4,4,100,1030.1999999999998,2,22375,3238
368,2,4,5,334,2364.469999999999,3,142651,85991
369,2,4,6,142,1297.0699999999997,2,29536,2500
370,2,4,7,29,305.1,6,4701,408
371,2,5,1,156,1221.7899999999997,2,95377,65361
372,2,5,2,264,2358.2099999999996,0,49956,2416
373,2,5,3,1440,11896.590000000006,0,266180,2139
374,2,5,4,343,2679.84,2,64778,2691
375,2,5,5,1048,8003.750000000002,2,185037,6393
376,2,5,6,190,1259.67,3,123046,86009
377,2,5,7,28,183.80000000000004,8,6297,599
378,2,6,1,456,3497.8599999999997,3,271684,85013
379,2,6,2,448,4323.93,2,166615,83493
380,2,6,3,3710,28840.439999999966,0,1428827,86026
381,2,6,4,792,6225.300000000002,2,397244,83121
382,2,6,5,2515,16303.58,1,808686,83482
383,2,6,6,419,3388.1900000000005,5,97925,3612
384,2,6,7,72,632.25,5,99853,83204
385,2,7,1,1102,9928.380000000001,2,879391,85890
386,2,7,2,938,9123.930000000004,1,669814,85426
387,2,7,3,7537,60332.25999999992,1,2726227,83558
388,2,7,4,1879,15750.389999999996,0,789308,84111
389,2,7,5,6739,50872.27999999992,2,3218816,86270
390,2,7,6,1370,10048.130000000005,2,899810,86303
391,2,7,7,141,1302.2,3,44157,2097
392,2,8,1,1568,13129.970000000001,3,797546,86282
393,2,8,2,1384,11611.770000000004,0,478187,85380
394,2,8,3,10212,82294.62000000007,1,3978344,86170
395,2,8,4,3180,24091.27999999998,1,1065586,85896
396,2,8,5,9828,70421.75000000001,1,4028170,86335
397,2,8,6,1547,10862.970000000003,1,857883,86221
398,2,8,7,181,1302.2399999999998,7,138474,83432
399,2,9,1,1523,12106.950000000004,2,944846,86350
400,2,9,2,1684,12973.140000000003,1,457504,4096
401,2,9,3,10658,88616.65000000015,1,4638141,86310
402,2,9,4,2923,20445.309999999994,2,1156966,86179
403,2,9,5,8427,58230.89999999989,1,3250203,86358
404,2,9,6,847,5904.219999999999,3,300592,86292
405,2,9,7,121,866.42,2,36285,3113
406,2,10,1,1270,11271.280000000002,1,643128,84544
407,2,10,2,1578,11990.30000000001,3,640965,85928
408,2,10,3,9186,79492.28000000003,1,3852909,86329
409,2,10,4,3109,21999.529999999988,2,996004,86078
410,2,10,5,8419,57909.92999999988,1,2897084,86345
411,2,10,6,602,3857.6400000000003,2,230510,85592
412,2,10,7,69,683.09,5,18737,1312
413,2,11,1,1096,10390.080000000004,2,577210,86307
414,2,11,2,1507,12471.960000000008,2,554979,83633
415,2,11,3,9192,81762.39000000007,0,4553596,86214
416,2,11,4,3271,23017.799999999985,0,1123257,86291
417,2,11,5,9249,65462.32999999993,2,3616638,86352
418,2,11,6,713,4736.780000000001,1,175497,4225
419,2,11,7,71,770.1199999999999,7,30274,2014
420,2,12,1,1073,9186.460000000003,2,367319,3161
421,2,12,2,1639,12749.390000000005,2,691511,82920
422,2,12,3,10482,90068.25000000016,0,4848784,86350
423,2,12,4,3791,25688.119999999977,1,1402762,86031
424,2,12,5,10343,73691.91000000002,1,4018247,86288
425,2,12,6,783,5547.510000000002,3,307516,85285
426,2,12,7,53,611.94,4,12430,640
427,2,13,1,1111,9783.64,1,606958,86041
428,2,13,2,1705,14814.840000000006,1,757460,86158
429,2,13,3,10600,92395.77000000015,2,5392385,86338
430,2,13,4,3998,27586.689999999984,1,1446132,86187
431,2,13,5,10011,71756.99999999997,1,3814899,86303
432,2,13,6,857,6324.490000000003,2,215770,2722
433,2,13,7,55,638.84,8,17823,1000
434,2,14,1,1083,10088.540000000005,1,379876,4532
435,2,14,2,1690,14154.250000000004,1,470310,7126
436,2,14,3,9798,89157.28000000017,0,4825885,86260
437,2,14,4,3990,27817.599999999977,0,1287575,85502
438,2,14,5,10325,74071.43000000002,1,4656114,86367
439,2,14,6,865,6206.520000000001,3,415770,86172
440,2,14,7,64,431.39000000000004,8,19578,628
441,2,15,1,1000,8853.260000000004,1,474394,86037
442,2,15,2,1752,14417.150000000005,0,674871,86101
443,2,15,3,9344,84349.09000000013,0,4124151,86350
444,2,15,4,4428,31921.12999999996,1,1694482,86303
445,2,15,5,10944,79978.6700000001,1,4772429,86198
446,2,15,6,888,6217.030000000002,2,585886,86349
447,2,15,7,72,490.7800000000001,3,18315,631
448,2,16,1,887,10445.970000000005,1,365326,86175
449,2,16,2,1611,17234.780000000002,1,524557,84614
450,2,16,3,8496,91130.33000000012,1,4033609,86353
451,2,16,4,4044,34269.46999999995,2,2060679,86302
452,2,16,5,9644,79986.16000000006,1,3467891,86321
453,2,16,6,911,8923.840000000002,1,289594,26781
454,2,16,7,69,1343.2599999999998,3,19315,1407
455,2,17,1,1046,10313.360000000002,2,449585,84174
456,2,17,2,2076,19559.359999999993,1,574149,4540
457,2,17,3,9550,96641.92000000023,0,4131311,86379
458,2,17,4,4527,37985.03999999995,2,1503750,86315
459,2,17,5,10012,79919.2700000001,2,3651524,86351
460,2,17,6,1190,9510.970000000003,2,422831,86081
461,2,17,7,72,770.9799999999998,3,107467,83201
462,2,18,1,1238,11514.55,0,461336,86204
463,2,18,2,2745,24145.52999999999,1,1165886,86177
464,2,18,3,10953,105218.57000000025,0,4440774,86340
465,2,18,4,4904,37802.37999999993,0,1616315,86270
466,2,18,5,10597,82435.3800000001,2,3777110,86327
467,2,18,6,1178,10275.790000000005,1,393658,85368
468,2,18,7,97,1043.7199999999996,10,27296,1128
469,2,19,1,1087,9969.980000000001,1,553254,85377
470,2,19,2,2758,23444.79999999999,1,894638,86329
471,2,19,3,10104,88992.1900000001,0,4547491,86306
472,2,19,4,4401,34017.539999999964,2,2058375,86308
473,2,19,5,8687,66924.65999999999,0,3067722,86330
474,2,19,6,810,6345.770000000002,0,289016,86123
475,2,19,7,87,694.15,2,22907,1434
476,2,20,1,866,7665.160000000004,2,404703,86259
477,2,20,2,2486,19557.670000000002,1,1081216,86300
478,2,20,3,8163,68143.26999999997,1,3298850,86354
479,2,20,4,3011,21999.289999999986,0,980259,86114
480,2,20,5,6165,44386.89999999993,1,1691743,86283
481,2,20,6,759,6206.1100000000015,2,183420,2337
482,2,20,7,65,586.44,13,100181,86038
483,2,21,1,802,9006.010000000002,2,466327,84388
484,2,21,2,2432,21982.789999999994,1,698371,85624
485,2,21,3,7478,68191.66999999995,1,2854600,86195
486,2,21,4,2478,19502.289999999997,1,665552,86289
487,2,21,5,5231,39662.26999999994,1,1900984,86284
488,2,21,6,719,5922.01,3,422214,86172
489,2,21,7,84,1280.04,4,22216,2805
490,2,22,1,708,8105.750000000002,2,296339,86127
491,2,22,2,2263,20347.769999999997,1,654384,86281
492,2,22,3,6806,63317.90999999994,1,2979058,86336
493,2,22,4,1872,16237.320000000002,2,770750,86373
494,2,22,5,3711,28924.099999999962,0,1461899,86302
495,2,22,6,638,5978.340000000001,2,231148,85912
496,2,22,7,96,1176.3600000000001,3,21917,2142
497,2,23,1,582,5923.890000000001,0,140669,2189
498,2,23,2,2056,18766.949999999997,2,1109286,86218
499,2,23,3,5297,51836.89999999992,1,1854970,86267
500,2,23,4,1080,10332.880000000005,1,347157,86346
501,2,23,5,2153,17829.079999999998,1,712546,86313
502,2,23,6,679,5711.38,2,226891,85966
503,2,23,7,133,1683.01,3,31005,1634
504,3,0,1,420,5402.81,0,216739,86122
505,3,0,2,1787,16209.170000000002,0,604677,85722
506,3,0,3,3881,41731.959999999955,1,1368123,85655
507,3,0,4,620,7401.500000000002,2,553221,86242
508,3,0,5,1125,10433.980000000001,0,574290,85918
509,3,0,6,567,4424.920000000001,1,291325,86191
510,3,0,7,74,1298.0,3,17297,2890
511,3,1,1,241,3162.8500000000004,2,53172,2470
512,3,1,2,1271,11437.190000000004,2,301012,3745
513,3,1,3,2559,26822.769999999986,2,1112845,86378
514,3,1,4,324,3953.6,1,83346,2372
515,3,1,5,695,6538.640000000001,2,131678,2011
516,3,1,6,403,3162.919999999999,2,88852,6257
517,3,1,7,45,674.02,1,92743,83154
518,3,2,1,172,2035.14,2,45437,3056
519,3,2,2,887,7381.340000000004,2,365507,85638
520,3,2,3,1820,18776.579999999998,0,693106,86007
521,3,2,4,180,2179.67,3,50344,2396
522,3,2,5,365,3551.930000000001,2,92952,4934
523,3,2,6,287,2375.0999999999995,2,142615,86246
524,3,2,7,36,388.05000000000007,5,6849,507
525,3,3,1,107,1164.32,1,194072,84772
526,3,3,2,593,5397.610000000001,2,220813,83833
527,3,3,3,1327,12590.200000000003,2,321766,3939
528,3,3,4,133,1502.7799999999997,2,39852,3926
529,3,3,5,347,2717.3799999999997,2,71477,3949
530,3,3,6,218,1586.62,3,129003,85256
531,3,3,7,26,223.04000000000005,2,5973,680
532,3,4,1,89,858.5799999999998,2,18459,3133
533,3,4,2,504,3949.2600000000007,3,100082,2354
534,3,4,3,1082,9484.770000000002,1,540337,83240
535,3,4,4,116,1597.9000000000003,3,23124,1817
536,3,4,5,359,2655.069999999999,2,63984,2389
537,3,4,6,196,1409.4199999999996,3,40476,2267
538,3,4,7,24,269.55,2,3037,588
539,3,5,1,140,1157.6399999999996,1,112194,83114
540,3,5,2,285,2501.0600000000004,2,45697,1539
541,3,5,3,1446,12829.020000000002,2,371418,83943
542,3,5,4,341,2535.649999999999,2,141815,83600
543,3,5,5,975,6876.700000000002,1,250487,83089
544,3,5,6,220,1720.3999999999999,3,112987,66768
545,3,5,7,22,163.56000000000003,12,6063,853
546,3,6,1,479,4068.39,2,193312,86244
547,3,6,2,526,4896.040000000004,0,510475,84484
548,3,6,3,4149,31956.92999999996,0,1212883,86351
549,3,6,4,832,6539.060000000003,2,160528,4710
550,3,6,5,2679,17543.610000000008,2,827962,86284
551,3,6,6,481,3749.3100000000004,2,95713,3905
552,3,6,7,68,756.49,9,77684,62875
553,3,7,1,1057,9230.150000000001,2,534681,86111
554,3,7,2,1029,9283.940000000002,2,449055,86318
555,3,7,3,8067,63441.78999999991,1,2591717,86202
556,3,7,4,2004,17429.679999999997,3,867330,83567
557,3,7,5,7427,54969.14999999992,2,3620475,86282
558,3,7,6,1467,10653.300000000008,1,690839,83123
559,3,7,7,116,830.09,8,117202,85431
560,3,8,1,1674,14116.820000000002,1,980501,86240
561,3,8,2,1626,13214.510000000006,2,643926,85998
562,3,8,3,10401,84867.20000000007,1,4425208,86290
563,3,8,4,3113,23379.84999999999,2,1286694,86329
564,3,8,5,10496,73911.34000000001,1,3846078,86289
565,3,8,6,1704,12761.350000000006,2,647043,85647
566,3,8,7,207,1385.9199999999998,1,65053,2253
567,3,9,1,1653,13701.010000000004,2,692869,84502
568,3,9,2,1919,14468.840000000004,2,557434,5993
569,3,9,3,10905,90533.26000000015,1,4636136,86356
570,3,9,4,2934,19997.289999999994,1,864538,86344
571,3,9,5,8711,60047.68999999989,2,3468826,86274
572,3,9,6,990,7403.010000000004,2,518591,85911
573,3,9,7,104,1092.1100000000001,4,32012,2844
574,3,10,1,1307,11322.380000000005,2,495202,6659
575,3,10,2,1751,15669.440000000002,1,543410,3608
576,3,10,3,9499,82670.95000000007,0,5276419,86328
577,3,10,4,3126,21933.35999999999,2,1392000,86283
578,3,10,5,8768,60334.22999999987,2,3235733,86089
579,3,10,6,617,4267.869999999999,3,153815,4453
580,3,10,7,51,611.77,5,15571,1487
581,3,11,1,1227,11678.380000000003,2,573011,85420
582,3,11,2,1711,14660.87,1,572895,6199
583,3,11,3,9770,84501.71000000008,0,5054370,86276
584,3,11,4,3704,25390.519999999975,1,1205915,85834
585,3,11,5,9803,69486.43999999994,1,3885868,85969
586,3,11,6,617,4794.740000000001,2,166655,2911
587,3,11,7,69,873.0699999999999,1,17095,823
588,3,12,1,1207,11585.850000000004,2,439120,6711
589,3,12,2,1815,15193.740000000005,2,767730,86296
590,3,12,3,10204,90389.1400000001,1,4645326,86264
591,3,12,4,3961,28191.999999999978,1,1491970,86234
592,3,12,5,10610,75848.95999999993,1,4788187,86282
593,3,12,6,816,6257.160000000002,2,289208,86341
594,3,12,7,67,579.6800000000001,7,21250,812
595,3,13,1,1136,10790.440000000006,2,421397,8444
596,3,13,2,1596,12728.430000000006,1,554694,84999
597,3,13,3,10170,90030.09000000014,0,4832495,86350
598,3,13,4,3921,27382.24999999997,2,1411816,86122
599,3,13,5,10215,71920.47999999997,1,4626745,86315
600,3,13,6,838,6074.190000000002,2,263525,38582
601,3,13,7,69,500.56000000000006,13,21233,962
602,3,14,1,1155,11848.390000000007,0,661752,85650
603,3,14,2,1833,14427.360000000004,1,692592,85946
604,3,14,3,10350,92780.80000000012,1,5074888,86346
605,3,14,4,4472,30738.409999999967,0,1537477,86108
606,3,14,5,10951,78509.80000000008,1,4766235,86350
607,3,14,6,937,7146.599999999999,1,338490,84669
608,3,14,7,75,574.58,8,21140,1522
609,3,15,1,1093,10346.970000000007,1,369748,4373
610,3,15,2,1813,16345.580000000004,1,753736,86172
611,3,15,3,9476,87819.82000000017,1,4482307,86353
612,3,15,4,4683,33100.30999999995,1,1829052,86316
613,3,15,5,11402,82735.23000000014,0,5577018,86343
614,3,15,6,932,7668.040000000004,1,448030,86323
615,3,15,7,66,501.2100000000001,5,15884,865
616,3,16,1,845,10377.910000000002,2,372905,84941
617,3,16,2,1787,19500.829999999994,0,566219,84969
618,3,16,3,8784,97146.66000000019,1,4332772,86235
619,3,16,4,4439,37243.41999999994,1,1606686,86267
620,3,16,5,10052,83686.23000000014,1,3787025,86352
621,3,16,6,983,9103.790000000003,2,269203,2482
622,3,16,7,73,978.8399999999997,3,17054,908
623,3,17,1,1093,10799.860000000004,2,699999,86278
624,3,17,2,2134,19723.859999999993,1,1026148,86399
625,3,17,3,10034,102057.85000000028,0,4958142,86349
626,3,17,4,4677,39019.389999999934,2,1815707,86301
627,3,17,5,10648,84278.88000000005,1,3782167,86235
628,3,17,6,1277,10650.690000000004,3,373743,2374
629,3,17,7,66,753.84,10,21981,2363
630,3,18,1,1273,12114.330000000002,1,555442,86252
631,3,18,2,2977,26308.99999999998,2,1070077,86303
632,3,18,3,11885,112640.58000000026,0,6088776,86361
633,3,18,4,5210,42295.76999999994,2,2094362,86278
634,3,18,5,11054,86934.04000000008,1,3607285,86357
635,3,18,6,1237,10182.160000000005,1,438064,84281
636,3,18,7,106,1040.1699999999998,3,26896,567
637,3,19,1,1197,10960.660000000005,2,592507,86329
638,3,19,2,3047,27049.639999999974,1,1404978,86236
639,3,19,3,10908,98131.9800000002,1,3927791,86326
640,3,19,4,4682,37036.33999999997,2,1557836,86366
641,3,19,5,9287,72401.87999999999,1,3084390,86336
642,3,19,6,1053,8234.000000000004,2,448366,84874
643,3,19,7,119,1248.1099999999994,3,34371,1555
644,3,20,1,1026,9943.13,2,393153,85790
645,3,20,2,3042,24655.97999999999,1,1228622,86255
646,3,20,3,8928,74716.99999999999,0,3673124,86353
647,3,20,4,3323,25777.799999999977,1,861734,10188
648,3,20,5,6658,47587.22999999991,2,1701707,86276
649,3,20,6,974,7454.340000000002,2,249723,2857
650,3,20,7,93,695.9999999999999,3,25407,2693
651,3,21,1,999,10012.350000000002,2,460819,86265
652,3,21,2,3206,28256.64999999998,1,1298643,86291
653,3,21,3,8809,78911.90000000004,1,3665972,86280
654,3,21,4,3215,25162.189999999977,1,1196997,86282
655,3,21,5,5843,45571.149999999936,2,1990492,86276
656,3,21,6,918,7454.4900000000025,2,306648,83872
657,3,21,7,110,974.8899999999999,2,27990,1365
658,3,22,1,874,9836.290000000003,2,345313,84999
659,3,22,2,3048,27434.589999999986,1,987088,86257
660,3,22,3,7937,74842.82999999999,0,3041604,86337
661,3,22,4,2322,18777.509999999995,1,824401,85861
662,3,22,5,4508,34919.37999999996,1,1521333,86200
663,3,22,6,932,7620.080000000003,2,227866,9775
664,3,22,7,129,1665.8300000000002,2,26959,781
665,3,23,1,830,10299.789999999999,1,479307,86277
666,3,23,2,3164,27594.369999999974,1,1099390,86210
667,3,23,3,6986,66868.93999999994,0,2785954,86213
668,3,23,4,1391,12720.119999999999,2,673377,86101
669,3,23,5,2744,22780.769999999993,1,1228745,86360
670,3,23,6,835,6930.9800000000005,2,276846,85811
671,3,23,7,127,1589.2899999999995,3,30716,2313
672,4,0,1,543,6742.779999999999,1,130676,2610
673,4,0,2,3108,27166.569999999978,0,1168738,86178
674,4,0,3,5432,52663.449999999895,0,1942930,85908
675,4,0,4,823,9016.040000000003,1,171151,3860
676,4,0,5,1589,15000.890000000005,1,426070,86157
677,4,0,6,646,5748.590000000003,1,131766,1855
678,4,0,7,128,1473.8,2,24888,799
679,4,1,1,350,4941.240000000001,1,85407,3006
680,4,1,2,2539,20292.189999999988,1,1201123,86168
681,4,1,3,3542,35298.899999999965,1,1525242,86288
682,4,1,4,438,5531.370000000001,3,276501,85381
683,4,1,5,1014,9399.270000000004,2,386215,86344
684,4,1,6,540,5701.800000000002,2,105066,2411
685,4,1,7,64,1027.57,2,9779,513
686,4,2,1,276,2900.0999999999995,2,69880,2799
687,4,2,2,1763,13405.420000000004,1,815109,85843
688,4,2,3,2622,25325.57999999998,1,1225906,86060
689,4,2,4,213,2730.5799999999995,2,46302,2491
690,4,2,5,533,4661.140000000001,2,95825,2579
691,4,2,6,418,3716.84,3,345129,86311
692,4,2,7,49,439.87000000000006,4,91330,81336
693,4,3,1,161,2017.9200000000003,2,115323,74379
694,4,3,2,1095,9404.600000000006,2,666079,85642
695,4,3,3,1981,18393.539999999997,0,835481,86306
696,4,3,4,183,1457.0500000000002,1,194347,83054
697,4,3,5,392,2806.9800000000005,2,67528,1230
698,4,3,6,294,2033.0099999999995,3,57530,2718
699,4,3,7,27,203.7,6,4198,686
700,4,4,1,161,1635.05,2,27212,2038
701,4,4,2,678,6452.660000000001,2,220767,85775
702,4,4,3,1455,13170.599999999999,2,815379,85904
703,4,4,4,146,1310.9600000000003,2,29516,1819
704,4,4,5,491,3218.36,1,78504,1800
705,4,4,6,230,1806.18,2,223895,86312
706,4,4,7,31,315.85999999999996,3,4329,268
707,4,5,1,147,1660.4199999999998,0,26229,2599
708,4,5,2,341,3313.1800000000003,2,132591,68398
709,4,5,3,1646,14518.670000000004,1,553651,86093
710,4,5,4,336,2673.4000000000005,2,230551,85994
711,4,5,5,1050,7396.540000000002,2,207885,7597
712,4,5,6,290,2056.0099999999998,3,57333,1310
713,4,5,7,28,304.16,18,6531,1307
714,4,6,1,423,3646.8500000000004,2,174846,85667
715,4,6,2,510,5141.570000000003,2,92911,2313
716,4,6,3,3792,30343.409999999963,1,1477007,85978
717,4,6,4,844,7580.560000000002,2,436438,82993
718,4,6,5,2558,17921.14,0,594839,84699
719,4,6,6,503,3841.720000000001,2,92149,1263
720,4,6,7,73,509.5400000000001,2,77226,61576
721,4,7,1,1022,10525.08,0,540675,84282
722,4,7,2,1099,9955.650000000005,1,372528,86194
723,4,7,3,7216,56806.84999999992,0,2635067,85146
724,4,7,4,1935,16945.23,2,766062,84271
725,4,7,5,7389,56796.009999999944,0,3061798,86331
726,4,7,6,1572,11580.300000000005,2,848005,86209
727,4,7,7,150,1088.06,3,129797,83085
728,4,8,1,1548,13009.080000000005,1,947671,86199
729,4,8,2,1585,13696.340000000004,1,449514,3628
730,4,8,3,10285,82047.14000000004,0,4484866,86309
731,4,8,4,3623,28360.67999999998,1,1358338,55916
732,4,8,5,10740,76734.13000000002,2,4115512,86334
733,4,8,6,1794,13004.590000000004,1,596222,82993
734,4,8,7,230,2069.7099999999996,3,73645,3117
735,4,9,1,1581,13035.780000000006,2,1052064,86237
736,4,9,2,1859,15150.800000000003,1,550194,5355
737,4,9,3,10329,89135.14000000012,0,4716198,86330
738,4,9,4,3052,22215.909999999985,1,1230975,86330
739,4,9,5,9277,63721.7499999999,2,3568979,86259
740,4,9,6,1070,8050.790000000003,2,463705,85800
741,4,9,7,84,562.88,14,105611,86200
742,4,10,1,1344,11923.300000000001,2,523035,17164
743,4,10,2,1782,14577.030000000002,2,507106,5051
744,4,10,3,9217,79770.08000000006,1,4843685,86305
745,4,10,4,3453,23458.259999999984,2,1101439,86187
746,4,10,5,9091,62777.6299999999,2,3195915,86281
747,4,10,6,714,5111.59,1,182137,2113
748,4,10,7,67,655.8600000000001,3,17580,1958
749,4,11,1,1247,11556.300000000005,1,634615,83502
750,4,11,2,1884,14345.760000000002,0,833746,86256
751,4,11,3,9760,87495.18000000007,0,4982737,86345
752,4,11,4,3964,27020.709999999977,2,1461028,86255
753,4,11,5,10277,72123.81999999998,0,4029882,86231
754,4,11,6,863,6006.510000000002,2,405003,86247
755,4,11,7,62,537.98,6,14033,521
756,4,12,1,1186,10319.390000000003,1,645948,85181
757,4,12,2,1968,16163.960000000006,0,1093214,86227
758,4,12,3,9947,84440.36000000009,0,4891925,86302
759,4,12,4,4448,30281.299999999963,0,1372316,84679
760,4,12,5,10953,74956.40000000001,2,4391977,86328
761,4,12,6,960,6823.46,3,264960,8916
762,4,12,7,66,498.54000000000013,6,15850,599
763,4,13,1,1207,11691.280000000002,1,949714,86341
764,4,13,2,2094,16629.110000000004,2,859885,86330
765,4,13,3,9646,84104.0800000001,0,3909998,86361
766,4,13,4,4548,31203.799999999963,1,1951039,86124
767,4,13,5,10139,70501.21999999997,1,4325448,86348
768,4,13,6,1128,7750.480000000003,1,480710,86253
769,4,13,7,75,708.1300000000002,2,24473,2939
770,4,14,1,1345,12401.110000000004,3,578538,86139
771,4,14,2,2337,20415.319999999992,0,1145694,86299
772,4,14,3,9967,89376.99000000012,1,4937730,86317
773,4,14,4,5319,51313.469999999885,1,2047096,86359
774,4,14,5,11586,81201.96000000005,2,4101981,86184
775,4,14,6,1221,9033.470000000003,2,883867,86320
776,4,14,7,75,798.54,9,25949,3071
777,4,15,1,1284,12935.290000000005,1,711577,86239
778,4,15,2,2285,19928.769999999997,0,1213748,85910
779,4,15,3,9594,89703.46000000011,1,4103542,86354
780,4,15,4,5032,40070.04999999996,1,1880588,85933
781,4,15,5,11655,82808.10000000011,1,4908308,86251
782,4,15,6,1293,10154.770000000006,1,564837,85481
783,4,15,7,108,819.7399999999998,4,42587,4981
784,4,16,1,1054,12288.589999999998,2,388209,4657
785,4,16,2,2296,24559.819999999985,1,1060230,86293
786,4,16,3,9275,101865.38000000025,0,4288473,86380
787,4,16,4,5010,42698.89999999994,0,1948318,86326
788,4,16,5,9979,83864.14000000012,1,3390275,86282
789,4,16,6,1295,12028.020000000004,3,392922,2989
790,4,16,7,84,1083.3299999999997,7,101909,78894
791,4,17,1,1099,12036.370000000003,1,421161,4752
792,4,17,2,2915,27777.099999999977,2,1140848,86326
793,4,17,3,10004,98557.6300000002,1,4943476,86359
794,4,17,4,5213,43581.16999999993,1,1897624,85977
795,4,17,5,10126,81414.67000000004,1,3413265,86277
796,4,17,6,1687,14144.93,1,915469,86317
797,4,17,7,114,1334.8400000000001,3,36692,2446
798,4,18,1,1334,12681.750000000004,1,534702,86349
799,4,18,2,3949,34732.51999999997,1,1727456,86216
800,4,18,3,11428,107049.69000000034,1,4873243,86382
801,4,18,4,5537,43739.539999999935,1,2442401,86352
802,4,18,5,10549,83260.66000000008,1,3838434,86317
803,4,18,6,1526,12716.610000000006,2,737435,83192
804,4,18,7,124,1086.01,6,122899,85703
805,4,19,1,1318,12872.850000000006,2,550035,85981
806,4,19,2,4061,34867.02999999995,2,1673628,86227
807,4,19,3,12027,110318.14000000032,1,5861701,86348
808,4,19,4,4699,35995.409999999945,1,1370139,86029
809,4,19,5,8996,69134.99999999994,1,3051561,86314
810,4,19,6,1318,11687.480000000005,0,746912,86276
811,4,19,7,126,1180.34,5,35726,1373
812,4,20,1,1194,9909.779999999999,2,339405,2949
813,4,20,2,3874,30657.359999999975,1,2084460,86255
814,4,20,3,9550,80952.08000000006,1,3810261,86325
815,4,20,4,3063,23018.349999999988,2,1100073,86198
816,4,20,5,6608,47035.10999999991,1,1874445,86356
817,4,20,6,1115,8167.030000000003,1,447688,85616
818,4,20,7,124,1285.5399999999995,3,35920,2455
819,4,21,1,947,9913.81,0,359944,85389
820,4,21,2,3859,35400.57999999996,0,1962683,86348
821,4,21,3,8619,77407.98000000003,1,3452299,86087
822,4,21,4,2779,21967.449999999986,0,684842,8821
823,4,21,5,5467,40645.24999999994,1,1331826,86316
824,4,21,6,1039,8720.770000000004,2,246013,3403
825,4,21,7,118,1174.7399999999998,9,29381,1082
826,4,22,1,867,9020.630000000003,2,325671,86054
827,4,22,2,4106,36011.74999999996,1,2067526,86210
828,4,22,3,8938,83253.17000000004,1,4457841,86373
829,4,22,4,2294,18068.739999999998,0,940597,86247
830,4,22,5,4697,34794.79999999995,1,1434394,85669
831,4,22,6,1086,8863.470000000003,2,349465,86252
832,4,22,7,149,1385.12,3,34201,844
833,4,23,1,794,10039.580000000002,1,300809,85639
834,4,23,2,4895,41948.31999999995,1,2772095,86226
835,4,23,3,8196,76839.16999999998,0,4013835,86322
836,4,23,4,1776,15495.960000000001,2,471137,3346
837,4,23,5,3512,28204.33999999998,0,874110,83182
838,4,23,6,1103,8994.030000000004,1,246629,2552
839,4,23,7,175,1964.0499999999997,2,42730,2597
840,5,0,1,677,6999.780000000002,1,507016,85873
841,5,0,2,5953,50051.529999999904,0,3586352,86296
842,5,0,3,7065,64328.53999999993,0,3347055,86341
843,5,0,4,1019,10361.200000000003,0,263872,10657
844,5,0,5,2225,19152.210000000003,2,730399,86343
845,5,0,6,979,7526.620000000006,3,380064,86371
846,5,0,7,172,1773.2899999999997,2,35814,733
847,5,1,1,497,5048.290000000001,1,219900,86337
848,5,1,2,6780,52201.78999999989,0,3503276,86333
849,5,1,3,5631,52206.199999999895,1,2452729,86395
850,5,1,4,643,6091.69,2,141680,2445
851,5,1,5,1447,13976.360000000006,2,480598,85141
852,5,1,6,850,7811.240000000003,2,183616,3799
853,5,1,7,134,1436.4399999999998,2,32814,1658
854,5,2,1,448,5132.96,1,199429,86199
855,5,2,2,5712,44096.97999999992,1,1866745,86025
856,5,2,3,4903,42553.02999999993,1,2451580,86374
857,5,2,4,399,3331.02,2,172289,86272
858,5,2,5,1064,8535.650000000001,1,312219,86288
859,5,2,6,619,5785.82,3,139814,6182
860,5,2,7,101,1159.9,2,17575,487
861,5,3,1,331,3526.7200000000003,1,305711,85511
862,5,3,2,4116,32822.569999999956,1,2032820,86085
863,5,3,3,4125,36038.69999999994,1,1771504,86355
864,5,3,4,277,3138.6000000000004,2,232541,83594
865,5,3,5,828,8178.510000000001,1,237956,86039
866,5,3,6,589,4476.76,1,204966,86220
867,5,3,7,68,1338.53,2,14275,1589
868,5,4,1,255,3161.2100000000005,2,60671,2975
869,5,4,2,1827,15725.080000000005,2,663239,86291
870,5,4,3,2803,26027.399999999976,1,754207,85804
871,5,4,4,226,2067.9500000000003,1,45624,2261
872,5,4,5,629,4851.9,2,123852,2886
873,5,4,6,483,4031.0499999999997,3,97865,2294
874,5,4,7,93,1135.09,1,108089,86343
875,5,5,1,110,1624.71,2,27013,1893
876,5,5,2,461,4790.620000000001,1,89785,1961
877,5,5,3,1356,13353.920000000004,1,518548,86190
878,5,5,4,213,2522.6700000000005,1,46224,1597
879,5,5,5,496,5159.03,3,341544,86151
880,5,5,6,319,2663.86,0,145206,85308
881,5,5,7,43,726.5899999999999,3,9608,2904
882,5,6,1,159,2188.4500000000003,0,122041,85117
883,5,6,2,377,4553.5199999999995,1,240824,82889
884,5,6,3,1731,17998.85,1,915993,85035
885,5,6,4,335,4015.19,2,73366,3087
886,5,6,5,1001,7296.800000000002,1,175029,1598
887,5,6,6,407,3134.079999999999,3,72026,1322
888,5,6,7,41,506.2500000000001,5,6889,358
889,5,7,1,215,3378.9399999999987,2,145004,83080
890,5,7,2,525,5559.27,2,189712,83067
891,5,7,3,2676,25874.65999999999,0,694583,84864
892,5,7,4,799,6508.280000000002,2,169607,5498
893,5,7,5,2023,14613.600000000006,2,811100,84984
894,5,7,6,624,4750.98,3,119134,2049
895,5,7,7,57,855.36,5,9619,561
896,5,8,1,473,5086.93,0,211576,83154
897,5,8,2,903,7844.810000000001,2,283367,86235
898,5,8,3,3964,39360.379999999954,0,1569492,85981
899,5,8,4,1942,13892.850000000006,0,845792,83034
900,5,8,5,3982,25666.899999999976,2,1404982,86278
901,5,8,6,844,6216.850000000001,2,411022,85456
902,5,8,7,73,1139.09,3,16901,1732
903,5,9,1,725,6594.560000000002,2,392269,85625
904,5,9,2,1395,12610.95,1,1046250,86036
905,5,9,3,5524,46423.019999999924,1,1670018,86012
906,5,9,4,3041,20828.77999999999,2,1253533,86214
907,5,9,5,6455,40903.55999999993,2,1996414,86250
908,5,9,6,1064,7218.2800000000025,2,261124,2840
909,5,9,7,56,400.84000000000015,7,12963,580
910,5,10,1,1072,10279.08,0,380632,83903
911,5,10,2,1861,14134.140000000003,0,1264190,86207
912,5,10,3,6677,57682.819999999905,0,2904481,86178
913,5,10,4,3885,26739.279999999977,2,1328257,86370
914,5,10,5,7766,51091.479999999894,1,2319397,86031
915,5,10,6,1135,7923.500000000003,2,552576,85436
916,5,10,7,78,926.2799999999995,3,20896,1927
917,5,11,1,1076,10307.980000000003,2,452020,83254
918,5,11,2,2176,16970.9,2,661077,86059
919,5,11,3,7620,64408.73999999992,0,3001384,86091
920,5,11,4,4070,28027.88999999997,1,1787965,86270
921,5,11,5,8206,53569.55999999989,2,2451597,86306
922,5,11,6,1040,7236.480000000002,2,302435,43996
923,5,11,7,68,526.5099999999999,4,17791,2433
924,5,12,1,1165,11509.990000000002,1,837321,86058
925,5,12,2,2478,18759.15,0,1127360,86308
926,5,12,3,8449,70138.45999999995,1,3180238,86105
927,5,12,4,4230,29252.189999999962,1,1246276,85973
928,5,12,5,9165,61191.759999999915,1,3456659,86291
929,5,12,6,1145,8551.630000000005,3,486356,86067
930,5,12,7,84,765.8900000000001,4,24920,791
931,5,13,1,1095,10247.290000000005,1,441247,85611
932,5,13,2,2737,22330.51999999999,1,1138494,86099
933,5,13,3,9128,79379.23000000001,1,5215401,86373
934,5,13,4,4148,29649.579999999976,1,1415803,86294
935,5,13,5,8897,59936.08999999991,2,2899103,86337
936,5,13,6,1147,8032.260000000004,2,652183,86330
937,5,13,7,75,583.97,5,19213,1043
938,5,14,1,1135,10394.800000000001,1,511798,85904
939,5,14,2,2775,22049.319999999996,1,997082,86067
940,5,14,3,8287,73493.95999999995,0,3829410,86346
941,5,14,4,4059,28837.489999999965,2,1922839,86284
942,5,14,5,8698,58379.629999999896,2,2830490,86344
943,5,14,6,1128,7801.100000000004,1,309882,6368
944,5,14,7,82,657.01,3,21308,1627
945,5,15,1,1109,10665.690000000002,2,329249,4158
946,5,15,2,2697,22718.04999999999,1,1098262,86136
947,5,15,3,7950,74573.21999999997,1,3080698,86177
948,5,15,4,4000,28679.719999999976,1,1521407,86221
949,5,15,5,8392,56095.089999999924,1,3681899,86345
950,5,15,6,1086,8061.550000000005,2,544912,86225
951,5,15,7,77,821.73,8,20963,658
952,5,16,1,993,9289.260000000002,2,480904,86187
953,5,16,2,2577,21141.299999999996,1,1130590,86183
954,5,16,3,7901,75621.64999999997,1,4330827,86360
955,5,16,4,3741,26785.749999999978,1,978919,5008
956,5,16,5,7743,51879.11999999988,0,2843725,86318
957,5,16,6,1025,7767.820000000004,2,443113,86180
958,5,16,7,71,747.6899999999997,10,17986,973
959,5,17,1,971,9897.640000000003,2,289005,3512
960,5,17,2,2954,24451.38999999998,0,1648245,86254
961,5,17,3,8741,80361.77000000005,0,4985392,86398
962,5,17,4,4082,29676.05999999996,1,2011668,86273
963,5,17,5,7947,54267.849999999904,1,2267050,86129
964,5,17,6,1201,8717.620000000004,2,590070,86325
965,5,17,7,76,873.1199999999998,9,115967,85781
966,5,18,1,1087,8699.920000000004,1,662816,86217
967,5,18,2,3709,31663.919999999962,1,2093795,86207
968,5,18,3,10345,90872.83000000016,0,4275357,86329
969,5,18,4,4505,32770.97999999996,1,1718929,86290
970,5,18,5,8178,53904.31999999987,1,3242914,86332
971,5,18,6,1312,9807.410000000007,2,453659,86208
972,5,18,7,98,779.84,11,32329,2317
973,5,19,1,1109,9399.41,2,511904,86325
974,5,19,2,4709,37080.239999999954,1,2208381,86285
975,5,19,3,12015,102211.57000000021,0,6693800,86343
976,5,19,4,4299,30092.009999999977,1,1483483,86349
977,5,19,5,7512,50969.77999999989,1,2260903,86367
978,5,19,6,1169,8929.400000000003,1,321014,2298
979,5,19,7,125,1230.3799999999997,4,205558,86102
980,5,20,1,1048,9832.7,1,303298,11924
981,5,20,2,4414,38810.33999999995,1,1996884,86391
982,5,20,3,9154,84090.49000000003,0,4583633,86138
983,5,20,4,3245,25591.36999999998,1,868613,86066
984,5,20,5,5991,43700.07999999993,1,1710940,86327
985,5,20,6,1093,8936.870000000003,3,373916,85362
986,5,20,7,147,1792.1599999999996,5,38930,1091
987,5,21,1,921,8710.13,0,686472,85254
988,5,21,2,4455,40102.18999999996,1,1902236,86186
989,5,21,3,8514,79652.11000000003,1,3997507,86357
990,5,21,4,2711,21831.369999999984,2,1180085,86323
991,5,21,5,4995,37401.05999999995,1,1671252,86292
992,5,21,6,995,7581.060000000005,1,500317,86283
993,5,21,7,115,1334.4999999999998,2,37394,2107
994,5,22,1,822,8680.240000000002,1,668849,86306
995,5,22,2,4575,39480.37999999995,2,2069842,86240
996,5,22,3,9073,83431.40000000007,1,4479443,86292
997,5,22,4,2604,21968.82,1,899464,85926
998,5,22,5,4379,34842.96999999996,1,1972100,86261
999,5,22,6,1098,8862.380000000003,3,283041,3365
1000,5,22,7,126,1574.2800000000002,3,38071,2494
1001,5,23,1,759,7844.930000000002,0,375930,85683
1002,5,23,2,5155,43077.38999999994,1,1931088,86201
1003,5,23,3,8224,72747.00999999997,1,3359767,86337
1004,5,23,4,1908,16260.750000000002,2,552142,86203
1005,5,23,5,3548,28585.49999999998,1,1251499,86163
1006,5,23,6,1045,8520.220000000003,2,511169,85886
1007,5,23,7,149,1357.0199999999998,5,39844,2102
1008,6,0,1,593,6157.12,2,838879,86330
1009,6,0,2,5918,47489.59999999993,0,2873288,86383
1010,6,0,3,7177,63651.45999999995,1,3296560,86177
1011,6,0,4,1196,10974.699999999999,1,294149,14602
1012,6,0,5,2284,18629.929999999993,2,913217,86311
1013,6,0,6,923,7206.220000000002,2,232288,4010
1014,6,0,7,164,1339.8400000000001,3,215782,86255
1015,6,1,1,486,4588.550000000001,1,332675,86181
1016,6,1,2,6882,53840.36999999992,2,3143159,86241
1017,6,1,3,6236,52743.92999999991,1,2479764,86297
1018,6,1,4,669,6054.080000000002,2,252013,86139
1019,6,1,5,1630,13024.23,1,624301,81053
1020,6,1,6,696,5980.230000000002,2,160382,4633
1021,6,1,7,108,887.9200000000002,5,27197,1326
1022,6,2,1,396,3482.940000000001,2,89069,2762
1023,6,2,2,5758,44299.26999999993,1,2858385,86352
1024,6,2,3,4808,41615.49999999993,1,2234553,86121
1025,6,2,4,405,3852.36,0,99150,2525
1026,6,2,5,1115,9641.950000000003,2,477261,85475
1027,6,2,6,547,3785.960000000001,2,255170,85741
1028,6,2,7,92,878.32,3,21714,1382
1029,6,3,1,414,3872.3000000000006,2,361127,86229
1030,6,3,2,4447,34149.18999999996,1,2013425,86145
1031,6,3,3,4690,42680.45999999995,0,2043140,86275
1032,6,3,4,306,3683.559999999999,2,239456,86089
1033,6,3,5,886,7765.950000000001,2,596307,86237
1034,6,3,6,549,4776.680000000001,2,294608,85245
1035,6,3,7,81,1077.8899999999996,2,17440,960
1036,6,4,1,273,3063.1099999999997,1,241432,85791
1037,6,4,2,2285,19078.159999999993,2,1258375,86332
1038,6,4,3,3227,32560.05999999997,1,783632,85994
1039,6,4,4,222,2913.7999999999993,3,40464,1592
1040,6,4,5,532,4583.91,3,190300,85884
1041,6,4,6,492,4222.04,0,97725,1665
1042,6,4,7,115,1287.7799999999997,2,24225,1673
1043,6,5,1,112,2074.4700000000003,2,45393,7700
1044,6,5,2,567,4638.9000000000015,2,281289,85485
1045,6,5,3,1376,13290.030000000002,2,778476,86240
1046,6,5,4,182,1826.2899999999997,4,30605,1245
1047,6,5,5,338,2691.330000000001,2,133478,83217
1048,6,5,6,357,2654.7299999999996,2,66042,1969
1049,6,5,7,41,456.35000000000014,13,9424,1115
1050,6,6,1,98,1690.9099999999994,2,105964,83284
1051,6,6,2,322,3783.61,0,140929,81313
1052,6,6,3,1346,15345.150000000001,2,430779,83794
1053,6,6,4,275,3435.080000000001,3,43540,1643
1054,6,6,5,652,6206.99,1,163747,61466
1055,6,6,6,369,3356.75,4,64992,1651
1056,6,6,7,57,969.8599999999997,4,10961,1449
1057,6,7,1,157,2462.96,2,37000,3856
1058,6,7,2,407,4633.37,2,500849,86142
1059,6,7,3,1815,20277.089999999993,0,686982,84335
1060,6,7,4,582,5179.38,1,196490,85454
1061,6,7,5,1506,11600.740000000002,0,594100,86293
1062,6,7,6,423,3072.609999999999,3,83167,2103
1063,6,7,7,58,773.9399999999998,9,10283,1455
1064,6,8,1,296,3233.250000000001,2,70193,3790
1065,6,8,2,643,6102.38,2,469523,85774
1066,6,8,3,2877,28405.979999999967,0,834024,83066
1067,6,8,4,1555,10761.000000000004,2,669053,82996
1068,6,8,5,2873,18807.409999999993,0,941883,86193
1069,6,8,6,721,5447.93,2,296806,86118
1070,6,8,7,59,747.1699999999998,2,10061,482
1071,6,9,1,608,5210.710000000001,2,372340,85345
1072,6,9,2,1069,8917.590000000004,1,248519,4617
1073,6,9,3,4181,37141.51999999995,1,1941122,85926
1074,6,9,4,2757,19257.889999999996,2,943661,86286
1075,6,9,5,4852,31618.56999999996,1,1332550,86201
1076,6,9,6,1002,6653.400000000003,3,476254,86207
1077,6,9,7,55,605.7099999999999,8,13915,1524
1078,6,10,1,787,6729.760000000002,1,463807,85114
1079,6,10,2,1367,11154.330000000005,2,315580,3642
1080,6,10,3,5319,47928.78999999993,0,1669217,86304
1081,6,10,4,3622,23824.119999999977,2,1192659,86230
1082,6,10,5,5933,38771.34999999992,2,1383996,86091
1083,6,10,6,1127,7490.040000000003,2,422221,86247
1084,6,10,7,69,786.1299999999998,18,16646,1549
1085,6,11,1,943,8038.160000000004,1,261577,4559
1086,6,11,2,1654,13551.790000000003,1,504763,85995
1087,6,11,3,6400,56337.17999999992,0,2621578,86383
1088,6,11,4,3992,26920.359999999975,2,1618131,86312
1089,6,11,5,6951,45356.229999999894,2,2395772,86341
1090,6,11,6,1153,7981.620000000001,2,392973,85850
1091,6,11,7,68,747.8599999999999,1,99039,83169
1092,6,12,1,1043,9054.290000000003,2,460694,86290
1093,6,12,2,2096,16331.320000000003,1,980390,86222
1094,6,12,3,7105,59294.04999999991,0,3243159,86230
1095,6,12,4,3976,26916.569999999974,2,1625149,86263
1096,6,12,5,7740,50019.96999999992,1,2964061,86286
1097,6,12,6,974,6626.170000000002,2,313668,85137
1098,6,12,7,57,646.79,3,17187,1403
1099,6,13,1,983,9202.490000000003,2,540531,85271
1100,6,13,2,2237,19280.910000000007,2,1320225,86234
1101,6,13,3,7327,65125.66999999996,0,3302799,86393
1102,6,13,4,4179,29727.27999999997,1,1306816,86306
1103,6,13,5,7436,50768.71999999993,0,2678248,86333
1104,6,13,6,928,6775.100000000003,3,408975,85248
1105,6,13,7,95,1008.7599999999999,7,31311,2214
1106,6,14,1,826,7780.860000000003,2,267784,32604
1107,6,14,2,2019,17425.37,0,528602,3601
1108,6,14,3,7102,65406.709999999955,0,3369704,86343
1109,6,14,4,3815,27699.58999999997,2,1350408,85956
1110,6,14,5,6730,44822.719999999914,1,2404211,86333
1111,6,14,6,961,6650.060000000001,2,433195,86111
1112,6,14,7,67,730.5999999999999,3,20717,1636
1113,6,15,1,860,8457.090000000002,2,258931,30694
1114,6,15,2,1928,16698.84,1,601488,86035
1115,6,15,3,6354,63027.57999999992,0,2682109,86318
1116,6,15,4,3552,25394.719999999983,2,1701672,86151
1117,6,15,5,6537,44464.87999999992,1,1996643,86327
1118,6,15,6,887,7243.590000000003,3,429615,85435
1119,6,15,7,71,862.1199999999998,12,17450,707
1120,6,16,1,823,9538.340000000002,3,238461,6256
1121,6,16,2,2055,19139.77,2,915029,86226
1122,6,16,3,6425,64547.45999999995,0,3285945,86217
1123,6,16,4,3510,24419.87999999998,2,1949253,86323
1124,6,16,5,6250,43292.369999999915,1,1625569,86299
1125,6,16,6,854,6696.740000000003,3,465979,86342
1126,6,16,7,76,579.0899999999998,3,20339,590
1127,6,17,1,811,9100.95,1,284102,81090
1128,6,17,2,2205,19407.059999999994,0,741791,86320
1129,6,17,3,6753,70517.13999999997,0,2812090,86335
1130,6,17,4,3719,26943.789999999968,1,1629301,86351
1131,6,17,5,6071,41784.38999999993,1,1932172,86302
1132,6,17,6,890,7303.830000000002,0,314383,84475
1133,6,17,7,87,827.51,4,23330,1462
1134,6,18,1,737,8195.76,2,194591,4483
1135,6,18,2,2499,22206.08999999999,1,898246,85683
1136,6,18,3,7353,70136.98999999998,0,3224339,86375
1137,6,18,4,3635,26280.129999999983,2,1212595,86315
1138,6,18,5,6439,43613.369999999915,2,2085958,86247
1139,6,18,6,816,6422.020000000001,2,288343,84243
1140,6,18,7,115,1173.6299999999997,2,116840,86271
1141,6,19,1,665,8771.53,1,266601,85897
1142,6,19,2,2424,20591.119999999995,1,1630753,86333
1143,6,19,3,6516,58317.13999999995,1,3092698,86339
1144,6,19,4,2897,20454.519999999993,1,1451340,86331
1145,6,19,5,5327,36597.899999999936,1,1888411,86309
1146,6,19,6,768,5757.880000000001,2,368308,86052
1147,6,19,7,101,1076.9299999999998,3,26789,1493
1148,6,20,1,542,6359.22,2,153398,11318
1149,6,20,2,2122,20301.23999999999,1,644063,85906
1150,6,20,3,5681,58885.49999999999,0,2266890,86293
1151,6,20,4,2243,17214.050000000003,1,973628,86282
1152,6,20,5,3991,30780.279999999962,0,1050372,86269
1153,6,20,6,809,6527.620000000003,2,271709,86205
1154,6,20,7,109,1206.78,1,28366,1822
1155,6,21,1,498,7534.080000000001,1,215184,85217
1156,6,21,2,1751,16623.22,1,810231,86355
1157,6,21,3,5374,58068.45999999994,1,2222934,86195
1158,6,21,4,1656,13590.740000000003,2,662347,86197
1159,6,21,5,3030,25144.839999999975,1,1158025,86249
1160,6,21,6,687,6438.060000000001,2,332429,84979
1161,6,21,7,125,1510.8499999999997,1,34065,2142
1162,6,22,1,407,7259.510000000001,1,105135,3485
1163,6,22,2,1664,19315.92999999999,0,563882,85626
1164,6,22,3,4809,54108.49999999995,0,2321943,86275
1165,6,22,4,1308,12162.440000000002,2,293656,2138
1166,6,22,5,2028,18683.809999999994,1,696574,86359
1167,6,22,6,637,6246.330000000003,2,222424,86342
1168,6,22,7,110,1368.42,3,25315,2089
1169,6,23,1,308,5355.750000000001,1,59437,2579
1170,6,23,2,1407,16487.85,0,663054,86291
1171,6,23,3,3633,44029.69999999994,1,1076776,86280
1172,6,23,4,723,8610.680000000002,1,150174,2572
1173,6,23,5,1252,13321.060000000001,1,272648,3699
1174,6,23,6,595,5765.870000000001,0,223297,84528
1175,6,23,7,113,1793.27,2,21431,693
